dimension,segment,customers,subscriptions,conversion_rate,conversion_rate_pct
poutcome,failure,4252,605,0.1422859830667921,14.23
poutcome,nonexistent,35563,3141,0.08832213255349661,8.83
poutcome,success,1373,894,0.651128914785142,65.11
job,admin.,10422,1352,0.12972558050278257,12.97
job,blue-collar,9254,638,0.06894315971471796,6.89
job,entrepreneur,1456,124,0.08516483516483517,8.52
job,housemaid,1060,106,0.1,10.0
job,management,2924,328,0.1121751025991792,11.22
job,retired,1720,434,0.25232558139534883,25.23
job,self-employed,1421,149,0.10485573539760731,10.49
job,services,3969,323,0.08138070042831948,8.14
job,student,875,275,0.3142857142857143,31.43
job,technician,6743,730,0.10826041821147857,10.83
job,unemployed,1014,144,0.14201183431952663,14.2
job,unknown,330,37,0.11212121212121212,11.21
contact,cellular,26144,3853,0.14737607099143207,14.74
contact,telephone,15044,787,0.05231321457059293,5.23
month,apr,2632,539,0.2047872340425532,20.48
month,aug,6178,655,0.1060213661379087,10.6
month,dec,182,89,0.489010989010989,48.9
month,jul,7174,649,0.09046557011430165,9.05
month,jun,5318,559,0.10511470477623167,10.51
month,mar,546,276,0.5054945054945055,50.55
month,may,13769,886,0.06434744716391895,6.43
month,nov,4101,416,0.10143867349426969,10.14
month,oct,718,315,0.4387186629526462,43.87
month,sep,570,256,0.44912280701754387,44.91
education,basic.4y,4176,428,0.1024904214559387,10.25
education,basic.6y,2292,188,0.08202443280977312,8.2
education,basic.9y,6045,473,0.0782464846980976,7.82
education,high.school,9515,1031,0.10835522858644246,10.84
education,illiterate,18,4,0.2222222222222222,22.22
education,professional.course,5243,595,0.11348464619492657,11.35
education,university.degree,12168,1670,0.13724523339907954,13.72
education,unknown,1731,251,0.14500288850375506,14.5
marital,divorced,4612,476,0.10320901994796183,10.32
marital,married,24928,2532,0.10157252888318356,10.16
marital,single,11568,1620,0.1400414937759336,14.0
marital,unknown,80,12,0.15,15.0
